condition,direction,R@1,R@5,R@10,MedR
original,A->T,0.2635814889336016,0.6680080482897385,0.8028169014084507,3.0
original,T->A,0.2515090543259557,0.6921529175050302,0.8269617706237424,3.0
highpass_1000Hz,A->T,0.1710261569416499,0.44668008048289737,0.6016096579476862,7.0
highpass_1000Hz,T->A,0.16700201207243462,0.4909456740442656,0.6458752515090543,6.0
lowpass_4000Hz,A->T,0.2635814889336016,0.6498993963782697,0.7927565392354124,3.0
lowpass_4000Hz,T->A,0.22937625754527163,0.6579476861167002,0.8028169014084507,3.0
noisy_snr10dB,A->T,0.2193158953722334,0.5855130784708249,0.7283702213279678,4.0
noisy_snr10dB,T->A,0.2655935613682093,0.6217303822937625,0.7867203219315896,4.0
